{
    "CLIP": {
        "latency": {
            "mean_ms": 13.644722572838267,
            "std_ms": 0.40538439338717575,
            "min_ms": 13.181493617594242,
            "max_ms": 16.59323461353779,
            "p50_ms": 13.540984131395817,
            "p95_ms": 14.235865650698543,
            "p99_ms": 15.50103957764804
        },
        "memory_MB": 341.2373046875,
        "power_energy": {
            "power_W": 75.9745611745514,
            "energy_J": 1.0425183406405827,
            "energy_mJ": 1042.5183406405827
        },
        "safety_margin": {
            "p99_ms": 15.50103957764804,
            "os_jitter_ms": 1.0,
            "delay_buffer_ms": 2.0,
            "worst_case_latency_ms": 18.50103957764804,
            "inference_budget_ms": 100.0,
            "satisfies_rt_constraint": true,
            "satisfies_stability_bound": true,
            "stability_margin_ms": 19.3
        },
        "deployability": {
            "battery_capacity_J": 3996.0,
            "battery_mAh": 300,
            "battery_V": 3.7,
            "energy_per_inference_J": 1.0425183406405827,
            "inference_rate_Hz": 10,
            "inferences_per_charge": 3833.026090979493,
            "runtime_at_target_hz_hr": 0.10647294697165258,
            "runtime_at_target_hz_min": 6.388376818299155
        }
    },
    "LoRA": {
        "unmerged": {
            "latency": {
                "mean_ms": 24.226488306497533,
                "std_ms": 0.9189158158361226,
                "min_ms": 23.597143590450287,
                "max_ms": 32.46050234884024,
                "p50_ms": 23.94114062190056,
                "p95_ms": 26.066932501271367,
                "p99_ms": 27.68345483578741
            },
            "memory_MB": 343.1123046875,
            "power_energy": {
                "power_W": 72.37857798165138,
                "energy_J": 1.7660459373144501,
                "energy_mJ": 1766.0459373144502
            },
            "safety_margin": {
                "p99_ms": 27.68345483578741,
                "os_jitter_ms": 1.0,
                "delay_buffer_ms": 2.0,
                "worst_case_latency_ms": 30.68345483578741,
                "inference_budget_ms": 100.0,
                "satisfies_rt_constraint": true,
                "satisfies_stability_bound": true,
                "stability_margin_ms": 7.12
            },
            "deployability": {
                "battery_capacity_J": 3996.0,
                "battery_mAh": 300,
                "battery_V": 3.7,
                "energy_per_inference_J": 1.7660459373144501,
                "inference_rate_Hz": 10,
                "inferences_per_charge": 2262.6817998157767,
                "runtime_at_target_hz_hr": 0.0628522722171049,
                "runtime_at_target_hz_min": 3.7711363330262944
            }
        },
        "merged": {
            "latency": {
                "mean_ms": 15.34100447470943,
                "std_ms": 0.4021585994643428,
                "min_ms": 14.926397241652012,
                "max_ms": 18.177920952439308,
                "p50_ms": 15.24627348408103,
                "p95_ms": 15.930101601406934,
                "p99_ms": 17.296446757391088
            },
            "memory_MB": 341.2373046875,
            "power_energy": {
                "power_W": 75.29615395683454,
                "energy_J": 1.1717292157748602,
                "energy_mJ": 1171.7292157748602
            },
            "safety_margin": {
                "p99_ms": 17.296446757391088,
                "os_jitter_ms": 1.0,
                "delay_buffer_ms": 2.0,
                "worst_case_latency_ms": 20.296446757391088,
                "inference_budget_ms": 100.0,
                "satisfies_rt_constraint": true,
                "satisfies_stability_bound": true,
                "stability_margin_ms": 17.5
            },
            "deployability": {
                "battery_capacity_J": 3996.0,
                "battery_mAh": 300,
                "battery_V": 3.7,
                "energy_per_inference_J": 1.1717292157748602,
                "inference_rate_Hz": 10,
                "inferences_per_charge": 3410.344255483516,
                "runtime_at_target_hz_hr": 0.0947317848745421,
                "runtime_at_target_hz_min": 5.683907092472526
            }
        }
    },
    "Frozen": {
        "vision": {
            "latency": {
                "mean_ms": 10.108707261582216,
                "std_ms": 0.5772720533323848,
                "min_ms": 9.747392497956753,
                "max_ms": 13.62924836575985,
                "p50_ms": 9.97665198519826,
                "p95_ms": 10.629469389095902,
                "p99_ms": 13.242969829589127
            },
            "memory_MB": 94.16650390625,
            "power_energy": {
                "power_W": 80.39786792452831,
                "energy_J": 0.7722208071306623,
                "energy_mJ": 772.2208071306624
            },
            "safety_margin": {
                "p99_ms": 13.242969829589127,
                "os_jitter_ms": 1.0,
                "delay_buffer_ms": 2.0,
                "worst_case_latency_ms": 16.24296982958913,
                "inference_budget_ms": 100.0,
                "satisfies_rt_constraint": true,
                "satisfies_stability_bound": true,
                "stability_margin_ms": 21.56
            },
            "deployability": {
                "battery_capacity_J": 3996.0,
                "battery_mAh": 300,
                "battery_V": 3.7,
                "energy_per_inference_J": 0.7722208071306623,
                "inference_rate_Hz": 10,
                "inferences_per_charge": 5174.685741566484,
                "runtime_at_target_hz_hr": 0.143741270599069,
                "runtime_at_target_hz_min": 8.62447623594414
            }
        },
        "e2e": {
            "latency": {
                "mean_ms": 410.37579203024507,
                "std_ms": 4.212366443209982,
                "min_ms": 403.3381072804332,
                "max_ms": 420.32399121671915,
                "p50_ms": 409.65760219842196,
                "p95_ms": 418.41057394631207,
                "p99_ms": 419.7214306052774
            },
            "memory_MB": 1609.29638671875,
            "power_energy": {
                "power_W": 80.67703426706555,
                "energy_J": 33.48970314375842,
                "energy_mJ": 33489.703143758416
            },
            "safety_margin": {
                "p99_ms": 419.7214306052774,
                "os_jitter_ms": 1.0,
                "delay_buffer_ms": 2.0,
                "worst_case_latency_ms": 422.7214306052774,
                "inference_budget_ms": 100.0,
                "satisfies_rt_constraint": false,
                "satisfies_stability_bound": false,
                "stability_margin_ms": -384.92
            },
            "deployability": {
                "battery_capacity_J": 3996.0,
                "battery_mAh": 300,
                "battery_V": 3.7,
                "energy_per_inference_J": 33.48970314375842,
                "inference_rate_Hz": 10,
                "inferences_per_charge": 119.32025741902544,
                "runtime_at_target_hz_hr": 0.003314451594972929,
                "runtime_at_target_hz_min": 0.19886709569837574
            }
        }
    },