{
    "CLIP": {
        "latency": {
            "mean_ms": 13.707703047742447,
            "std_ms": 0.5016700182018123,
            "min_ms": 13.230605982244015,
            "max_ms": 19.68308538198471,
            "p50_ms": 13.592151459306479,
            "p95_ms": 14.328089077025652,
            "p99_ms": 14.807421332225191
        },
        "memory_MB": 341.2373046875,
        "power_energy": {
            "power_W": 73.61181209150327,
            "energy_J": 1.0139135920448556,
            "energy_mJ": 1013.9135920448557
        },
        "safety_margin": {
            "p99_ms": 14.807421332225191,
            "os_jitter_ms": 1.0,
            "delay_buffer_ms": 2.0,
            "worst_case_latency_ms": 17.80742133222519,
            "inference_budget_ms": 100.0,
            "satisfies_rt_constraint": true,
            "satisfies_stability_bound": true,
            "stability_margin_ms": 19.99
        },
        "deployability": {
            "battery_capacity_J": 3996.0,
            "battery_mAh": 300,
            "battery_V": 3.7,
            "energy_per_inference_J": 1.0139135920448556,
            "inference_rate_Hz": 10,
            "inferences_per_charge": 3941.1642484650865,
            "runtime_at_target_hz_hr": 0.10947678467958574,
            "runtime_at_target_hz_min": 6.568607080775145
        }
    },
    "LoRA": {
        "unmerged": {
            "latency": {
                "mean_ms": 21.826353163147967,
                "std_ms": 0.5679546878632696,
                "min_ms": 21.378228440880775,
                "max_ms": 25.97585041075945,
                "p50_ms": 21.67609054595232,
                "p95_ms": 22.694513015449047,
                "p99_ms": 25.0729929190129
            },
            "memory_MB": 343.1123046875,
            "power_energy": {
                "power_W": 71.01558935742972,
                "energy_J": 1.5789299384546696,
                "energy_mJ": 1578.9299384546696
            },
            "safety_margin": {
                "p99_ms": 25.0729929190129,
                "os_jitter_ms": 1.0,
                "delay_buffer_ms": 2.0,
                "worst_case_latency_ms": 28.0729929190129,
                "inference_budget_ms": 100.0,
                "satisfies_rt_constraint": true,
                "satisfies_stability_bound": true,
                "stability_margin_ms": 9.73
            },
            "deployability": {
                "battery_capacity_J": 3996.0,
                "battery_mAh": 300,
                "battery_V": 3.7,
                "energy_per_inference_J": 1.5789299384546696,
                "inference_rate_Hz": 10,
                "inferences_per_charge": 2530.827937755722,
                "runtime_at_target_hz_hr": 0.07030077604877005,
                "runtime_at_target_hz_min": 4.218046562926203
            }
        },
        "merged": {
            "latency": {
                "mean_ms": 13.78924949405094,
                "std_ms": 0.4015870131290498,
                "min_ms": 13.304732739925385,
                "max_ms": 17.698323354125023,
                "p50_ms": 13.709470629692078,
                "p95_ms": 14.425743045285344,
                "p99_ms": 14.66378522105515
            },
            "memory_MB": 341.2373046875,
            "power_energy": {
                "power_W": 74.39639389067524,
                "energy_J": 1.0413110128151146,
                "energy_mJ": 1041.3110128151147
            },
            "safety_margin": {
                "p99_ms": 14.66378522105515,
                "os_jitter_ms": 1.0,
                "delay_buffer_ms": 2.0,
                "worst_case_latency_ms": 17.66378522105515,
                "inference_budget_ms": 100.0,
                "satisfies_rt_constraint": true,
                "satisfies_stability_bound": true,
                "stability_margin_ms": 20.14
            },
            "deployability": {
                "battery_capacity_J": 3996.0,
                "battery_mAh": 300,
                "battery_V": 3.7,
                "energy_per_inference_J": 1.0413110128151146,
                "inference_rate_Hz": 10,
                "inferences_per_charge": 3837.47021862093,
                "runtime_at_target_hz_hr": 0.1065963949616925,
                "runtime_at_target_hz_min": 6.39578369770155
            }
        }
    },
    "Frozen": {
        "vision": {
            "latency": {
                "mean_ms": 8.13338102462391,
                "std_ms": 0.3918517113888142,
                "min_ms": 7.91340135037899,
                "max_ms": 12.590602040290833,
                "p50_ms": 8.10256414115429,
                "p95_ms": 8.373941294848919,
                "p99_ms": 8.575918041169643
            },
            "memory_MB": 94.16650390625,
            "power_energy": {
                "power_W": 80.36579656160457,
                "energy_J": 0.6697817536179651,
                "energy_mJ": 669.7817536179651
            },
            "safety_margin": {
                "p99_ms": 8.575918041169643,
                "os_jitter_ms": 1.0,
                "delay_buffer_ms": 2.0,
                "worst_case_latency_ms": 11.575918041169643,
                "inference_budget_ms": 100.0,
                "satisfies_rt_constraint": true,
                "satisfies_stability_bound": true,
                "stability_margin_ms": 26.22
            },
            "deployability": {
                "battery_capacity_J": 3996.0,
                "battery_mAh": 300,
                "battery_V": 3.7,
                "energy_per_inference_J": 0.6697817536179651,
                "inference_rate_Hz": 10,
                "inferences_per_charge": 5966.122514408278,
                "runtime_at_target_hz_hr": 0.16572562540022995,
                "runtime_at_target_hz_min": 9.943537524013797
            }
        },
        "e2e": {
            "latency": {
                "mean_ms": 410.20759366452694,
                "std_ms": 3.369515435014212,
                "min_ms": 405.6304767727852,
                "max_ms": 417.89822466671467,
                "p50_ms": 409.14699668064713,
                "p95_ms": 416.8936899397522,
                "p99_ms": 417.74535993114114
            },
            "memory_MB": 1609.29638671875,
            "power_energy": {
                "power_W": 78.66183436076119,
                "energy_J": 32.88213470937264,
                "energy_mJ": 32882.13470937264
            },
            "safety_margin": {
                "p99_ms": 417.74535993114114,
                "os_jitter_ms": 1.0,
                "delay_buffer_ms": 2.0,
                "worst_case_latency_ms": 420.74535993114114,
                "inference_budget_ms": 100.0,
                "satisfies_rt_constraint": false,
                "satisfies_stability_bound": false,
                "stability_margin_ms": -382.95
            },
            "deployability": {
                "battery_capacity_J": 3996.0,
                "battery_mAh": 300,
                "battery_V": 3.7,
                "energy_per_inference_J": 32.88213470937264,
                "inference_rate_Hz": 10,
                "inferences_per_charge": 121.52495679853139,
                "runtime_at_target_hz_hr": 0.0033756932444036496,
                "runtime_at_target_hz_min": 0.20254159466421898
            }
        }
    },